summed_shaps_all_data,abs_summed_shaps_mean
0.008801608505689083,0.008801608505689083
-0.0030894573660209044,0.0030894573660209044
-0.0025163227424273384,0.0025163227424273384
-0.0021822939681844533,0.0021822939681844533
0.0012870916296448924,0.0012870916296448924
-0.0007581878680053041,0.0007581878680053041
0.0006399931861980142,0.0006399931861980142
0.0005671907893780614,0.0005671907893780614
0.0004722587337869109,0.0004722587337869109
-0.0004223075345298895,0.0004223075345298895
